school_name,school_id
Lane M.S.,74708
Astor K-8,69750
Jackson M.S.,69733
Lane M.S.,69732
Skyline K-8,69763
Kellogg M.S.,69757
Leodis V. McDaniel H.S.,69768
Robert Gray M.S.,69755
Mt Tabor M.S.,69758
Ockley Green M.S.,69759
Sellwood M.S.,69762
Lincoln H.S.,69767
West Sylvan M.S.,69765
Faubion PK-8,69753
Metropolitan Learning Ctr K-8,69770
Clark E.S.,69783
George M.S.,69754
Metropolitan Learning Ctr HS,69769
Harrison Park M.S.,69782
Ida B. Wells-Barnett H.S.,69771
Winterhaven K-8,69735
Bridger Creative Science School,69737
Cesar Chavez K-8,69738
Odyssey Program K-8,69739
Beverly Cleary K-8,69740
Laurelhurst K-8,69741
Roseway Heights M.S.,69742
Sabin E.S.,69743
Sunnyside Environmental K-8,69744
Vernon K-8,69745
Access,69746
Le Monde French Immersion,69748
Reconnection Outreach Services,69749
Beaumont M.S.,69752
Cleveland H.S.,71083
Hosford M.S.,69756
Harriet Tubman M.S.,69764
Beverly Cleary K-8,72524
Loudoun Valley HS,71810
Riverside HS,73242
Stone Bridge HS,73790
Loudoun Valley HS,73223
Tuscarora HS,71331
Virtual Distance Learning,70878
Sterling MS,70834
Potomac Falls HS,70826
Lightridge HS,70823
Stone Bridge HS,70830
Woodgrove HS,70837
Trailside MS,70836
Belmont Ridge MS,70806
River Bend MS,70827
Dominion HS,70810
Mercer MS,70825
Harper Park MS,70814
Broad Run HS,70807
Seneca Ridge MS,70833
Academies of Loudoun,70804
Loudoun County HS,70822
Kenneth W. Culbert ES,70821
Brambleton MS,70805
Smart's Mill MS,70832
Harmony MS,70815
Rock Ridge HS,70828
Eagle Ridge MS,70811
J. Michael Lunsford MS,70820
Farmwell Station MS,70813
Willard MS,70838
Blue Ridge MS,70808
Heritage HS,70816
J. Lupton Simpson MS,70819
Briar Woods HS,70809
Independence HS,70817
John Champe HS,70818
Tuscarora HS,70835
Freedom HS,70812
Virtual Loudoun HS,70877
Loudoun Valley HS,70824
Stone Hill MS,70831
Riverside HS,70829
Granite Hills High School,76146
Vanguard Preparatory,76147
Apple Valley High School,76145
Americas - Southeast - Middleton S. Elliott Elementary School,71716
Americas - Mid-Atlantic - Bitz Intermediate School,71708
Americas - Mid-Atlantic - Tarawa Terrace Elementary School,71712
Americas - Mid-Atlantic - Shughart Elementary School,71711
Pacific - West - McCool Elementary/Middle School,71718
Pacific - West - Andersen Middle School,71720
Americas - Mid-Atlantic - Heroes Elementary School,71713
Americas - Mid-Atlantic - Quantico Middle/High School,71715
Americas - Mid-Atlantic - DeLalio Elementary School,71710
Pacific - West - Guam High School,71719
Pacific - West - Andersen Elementary School,71717
Americas - Mid-Atlantic - WT Sampson Elementary/High School,71721
Americas - Mid-Atlantic - Crossroads Elementary School,71714
Americas - Mid-Atlantic - Johnson Primary School,71707
Americas - Mid-Atlantic - Brewster Middle School,71709
DoDEA Virtual High School,76957
Americas - Southeast - Mahaffey Middle School,71682
Oxford High School,73675
Pacific - South - Zukeran Elementary School,71660
Pacific - South - Kadena High School,71661
Pacific - South - Kadena Middle School,71662
Pacific - South - Amelia Earhart Intermediate School,71663
Pacific - South - Lester Middle School,71664
Pacific - South - Ryukyu Middle School,71665
Pacific - South - Kadena Elementary School,71666
Pacific - South - Killin Elementary School,71667
Pacific - South - Ralph F. Stearley Primary School,71668
Pacific - South - Bechtel Elementary School,71669
Pacific - South - Bob Hope Elementary School,71670
Americas - Southeast - Ellis D. Parker Elementary School,71671
Americas - Southeast - Morris R. McBride Elementary School,71672
Americas - Southeast - Freddie Stowers Elementary School,71673
Americas - Southeast - Edward A. White Elementary School,71674
Americas - Southeast - Herbert J. Dexter Elementary School,71675
Americas - Southeast - Don C. Faith Middle School,71676
Americas - Southeast - Diamond Elementary School,71677
Americas - Southeast - Patrick L. Kessler Elementary School,71678
Americas - Southeast - Andre Lucas Elementary School,71679
Americas - Southeast - Barkley Elementary School,71680
Americas - Southeast - Marshall Elementary School,71681
Americas - Southeast - Mahaffey Middle School,71682
Americas - Southeast - Fort Campbell High School,71683
Americas - Southeast - Fort Knox Middle/High School,71684
Americas - Southeast - Van Voorhis Elementary School,71685
Americas - Mid-Atlantic - West Point Elementary School,71686
Americas - Southeast - Scott Intermediate School,71687
Americas - Mid-Atlantic - West Point Middle School,71688
Americas - Mid-Atlantic - Shughart Middle School,71689
Americas - Southeast - Kingsolver Elementary School,71690
Americas - Mid-Atlantic - Bowley Elementary School,71691
Americas - Mid-Atlantic - Dahlgren School,71706
Americas - Mid-Atlantic - Ramey School,71705
Americas - Mid-Atlantic - Antilles High School,71704
Americas - Mid-Atlantic - Antilles Middle School,71703
Americas - Mid-Atlantic - Antilles Elementary School,71702
Americas - Southeast - Maxwell AFB Elementary/Middle School,71701
Americas - Southeast - Charles F Bolden Elementary/Middle,71700
Americas - Southeast - Charles Cotesworth Pinckney Elementary,71699
Americas - Mid-Atlantic - Kimberly Hampton Primary School,71692
Americas - Mid-Atlantic - Irwin Intermediate School,71693
Americas - Mid-Atlantic - Devers Elementary School,71694
Americas - Mid-Atlantic - Gordon Elementary School,71695
Americas - Southeast - Charles P Murray Elementary School,71696
Americas - Mid-Atlantic - Mildred B. Poole Elementary School,71697
Americas - Southeast - Pierce Terrace Elementary School,71698
Pacific - East - Zama Middle/High School,71630
Europe - East - Vilseck Elementary School,71610
Europe - East - Robinson Barracks Elementary School,71611
Europe - East - Vilseck High School,71612
Europe - East - Ansbach Elementary School,71613
Europe - East - Garmisch Elementary/Middle School,71614
Europe - East - Grafenwoehr Elementary School,71615
Europe - East - Netzaberg Elementary School,71616
Europe - East - Hohenfels Elementary School,71617
Europe - East - Patch Elementary School,71618
Europe - East - Patch Middle School,71619
Europe - East - Netzaberg Middle School,71620
Europe - South - Livorno Elementary/Middle School,71621
Europe - South - Vicenza Elementary School,71622
Europe - South - Bahrain Elementary School,71623
Europe - South - Naples Elementary School,71624
Europe - South - Rota Elementary School,71625
Europe - South - Sigonella Elementary School,71626
Europe - South - Ankara Elementary/High School,71627
Europe - South - Aviano Elementary School,71628
Europe - South - Sevilla Elementary/Middle School,71629
Pacific - West - Daegu Elementary School,71631
Pacific - West - Daegu Middle/High School,71632
Pacific - East - John O Arnn Elementary School,71633
Pacific - East - Ernest J. King Middle/High School,71634
Pacific - East - Nile C Kinnick High School,71635
Pacific - East - Matthew C Perry High School,71636
Pacific - East - Sasebo Elementary School,71637
Pacific - East - Shirley Lanham Elementary School,71638
Pacific - East - Matthew C Perry Primary School,71639
Pacific - East - Jack N Darby Elementary School,71640
Pacific - East - Sullivans Elementary School,71641
Pacific - East - Ikego Elementary School,71642
Pacific - East - Yokosuka Middle School,71643
Pacific - East - Iwakuni Middle School,71644
Pacific - East - Iwakuni Intermediate School,71645
Pacific - East - Yokosuka Primary School,71646
Pacific - East - Robert D Edgren Middle/High School,71647
Pacific - East - Yokota High School,71648
Pacific - West - Osan Middle/High School,71649
Pacific - East - Sollars Elementary School,71650
Pacific - East - Joan K. Mendel Elementary School,71651
Pacific - East - Yokota West Elementary School,71652
Pacific - West - Osan Elementary School,71653
Pacific - East - Yokota Middle School,71654
Pacific - West - Humphreys Central Elementary School,71655
Pacific - West - Humphreys Middle School,71656
Pacific - West - Humphreys West Elementary School,71657
Pacific - South - Kubasaki High School,71658
Pacific - South - Kinser Elementary School,71659
Shawnee Mission Northwest High,73335
Shawnee Mission South High,73334
Shawnee Mission Northwest High,73335
Shawnee Mission South High,73334
Shawnee Mission West High,73333
Shawnee Mission East High,73332
Shawnee Mission North High,73331
East Rockaway Jr/Sr High,72287
Europe - South - Vicenza Middle School,70769
Europe - Central - Ramstein Intermediate School,71605
Europe - Central - Sembach Elementary School,71606
Europe - East - Ansbach Middle/High School,71607
Europe - East - Hohenfels Middle/High School,71608
Europe - East - Stuttgart High School,71609
Europe - Central - Ramstein Elementary School,71604
Europe - Central - Landstuhl Elementary School,71603
Europe - Central - Kaiserslautern Elementary School,71601
Europe - Central - Vogelweh Elementary School,71599
Europe - Central - Ramstein Middle School,71598
Europe - Central - Kaiserslautern Middle School,71597
Europe - Central - Kaiserslautern High School,71596
Europe - Central - Ramstein High School,71595
Europe - East - Stuttgart Elementary School,71594
Americas - Southeast - Olinto Mark Barsanti Elementary School,71593
Europe - West - Spangdahlem Elementary School,71592
Europe - West - Spangdahlem High School,71591
Europe - West - Spangdahlem Middle School,71590
Strategic Literacy School,70778
Americas - Mid-Atlantic - Lejeune High School,70777
Americas - Mid-Atlantic - Albritton Middle School,70776
Pacific - West - Humphreys High School,70775
Europe - South - Aviano Middle/High School,70774
Europe - South - Sigonella Middle/High School,70773
Europe - South - Rota Middle/High School,70772
Europe - South - Naples Middle/High School,70771
Europe - South - Bahrain Middle/High School,70770
Europe - Central - Wiesbaden Elementary School,71589
Europe - Central - Smith Elementary School,71588
Europe - South - Vicenza High School,70768
Europe - Central - Aukamm Elementary School,71587
Lawrence Road Middle School,72244
Turtle Hook Middle School,72243
Uniondale High School,72242
Europe - West - Alconbury Elementary School,71579
Europe - West - Lakenheath Middle School,71578
Europe - Central - Wiesbaden Middle School,71586
Europe - West - Feltwell Elementary School,71580
Europe - West - Alconbury Middle/High School,71577
Europe - West - SHAPE Elementary School,71576
Europe - Central - Wiesbaden High School,71585
Europe - Central - Baumholder Middle/High School,71584
Europe - West - Liberty Intermediate School,71583
Europe - West - Lakenheath Elementary School,71582
Europe - West - AFNorth Elementary School,71575
Europe - West - Kleine Brogel Elementary School,71581
DoDEA Virtual High School,71574
Jesse Bethel High School,71504
BELTON HIGH SCHOOL,71982
Vallejo High School,71503
LAKE BELTON HIGH SCHOOL,71983
Europe - West - AFNorth Middle/High School,70763
Europe - West - Brussels Unit School,70764
Europe - West - SHAPE High School,70765
Europe - West - SHAPE Middle School,70766
Europe - West - Lakenheath High School,70767
Franklin Towne Charter High School,71206
eAchieve Academy - Wisconsin,71166
Waukesha STEM Academy - Saratoga,71329
East Alternative School,71330
Academy Of Health Professions,71165
South High School,71164
Les Paul Middle School,73472
Bethesda Elementary School,71874
eAchieve Elementary,71875
SDW Elementary Summer Academy,71167
Waukesha Eng Preparatory Academy,71163
Horning Middle School,71162
West High School,71161
Butler Middle School,71160
North High School,71159
School District of Waukesha,71158
Thompson Campus,70665
St Charles North High School,70664
Wredling Middle School,70666
St Charles East High School,70663
SOUTH KITSAP HIGH SCHOOL,70640
Sand Hill ES,68118
Lyons Township High School D204,70497
South Effingham MS,68123
Effingham County HS,68122
South Effingham ES,68121
South Effingham HS,68120
Marlow ES,68119
College & Career + STEM Academy,68912
Blandford ES,68117
Ebenezer MS,68114
Guyton ES,68115
Ebenezer ES,68112
Effingham County MS,68111
Lucile Erwin Middle School,69349
C K McClatchy HS,69612
Bill Reed Middle School,69351
Piney Grove Middle School,69051
Forsyth Academy,69050
South Forsyth High School,68837
South Forsyth Middle School,68836
Alliance Academy,68835
Forsyth Virtual Academy,68834
Lakeside Middle School,68833
Forsyth Central High School,68832
Elmwood-Murdock Junior High,69334
Elmwood-Murdock High School,69336
Gateway Academy,76420
Elkhorn North High School,68273
Elkhorn High School,68272
Cobalt Institute of Math and Science,67352
Palo Alto Unified,69225
Elkhorn South High School,68271
Greendell,75800
Phony High,72488
Henry M. Gunn High,67196
Ellen Fletcher Middle,67195
Palo Alto High,67194
Frank S. Greene Jr. Middle,67193
Jane Lathrop Stanford Middle,67192
Addison Elementary,71199
River Trails Middle School,69174
Prairie Trails,69212
Indian Grove,69214
Euclid Elementary,69216
Summer School,69218
Southern Door Middle School,62910
Southern Door Elementary School,62911
Southern Door High School,62912
Rural Virtual Academy,62913
Middle School,61461
Mountain View High School,62445
Los Altos High School,62537
Dougherty Valley High School,62761
Monte Vista High School,62762
San Ramon Valley High School,62763
California High School,62768
Three Rivers Homelink School,59333
Pacific Crest Online Academy,59332
Leona Libby Middle School,59331
Rivers Edge High School,59330
Special Education,59329
Richland High School,59328
Hanford High School,59327
Enterprise Middle School,59326
Chief Joseph Middle School,59325
Carmichael Middle School,59324
Enterprise Middle School,71473
Shaker Middle School,61348
Shaker High School,61349
Entir,61205
US,61237
MS,72262
UA Online Academy,60725
Upper Arlington High School,60726
Hastings Middle School,60727
Jones Middle School,60728
Hampshire Senior High School,61139
Grafton High School,60659
Athens Virtual Academy of Indiana,70448
Crawfordsville Middle School,60877
Taylor County Middle School,60658
Crawfordsville High School,60462
Brooke Middle School,60383
Brooke High School,60382
Taylor County Middle School,73243
West Taylor Elementary School,60657
Flemington Elementary School,60656
Anna Jarvis Elementary School,60655
CAMPBELL ISD,63684
Campbell Elementary,63457
Rancho Cotate High School,60406
Campbell High School,60339
Berkeley Springs High School,60664
East High School,58281
Edison Middle School,58282
Washington Middle School,58283
Lombardi Middle School,58285
District Office,58286
Leonardo da Vinci School,58287
Franklin Middle School,58288
Preble High School,58289
Minoka-Hill,71756
Aldo Leopold Community School,58290
Southwest High School,58291
West High School,58292
Red Smith School,58293
Warm Springs Middle School,59360
Elmwood Park Memorial High School,58254
Elmwood Park Memorial Middle School,58255
ClassLink MS,54720
ClassLink Elementary School,54721
ClassLink HS,54719
Lakeville Pathways Academy,76955
CCSD Learning Center,65698
Derby Unified School District 260 - Canvas,76853
Derby Unified School District 260 - Canvas2025-03-20 15:06:29.274,76523
22071-Derby North Middle School,75779
22071-Derby High School,75777
22071-Derby Middle School,75776
Elk Grove High School,60067
Cedar Shoals High School,63422
Clarke Central High School,63421
Hilsman Middle School,63420
Burney-Harris-Lyons Middle School,63419
Coile Middle,63418
Clarke Middle School,63417
Charles Burrell Visual and Performing Arts 9-12,76732
Hinkley High School,76731
Aurora Central Campus,76730
Swarthmore College,76597
Jackson County High School,67115
Empower College and Career Center,67117
Divine Savior Academy High School - Doral,71181
Prince William County Public School UAT,76419
ElectED SupportED,70425
East Jackson Comprehensive High School,67112
West Lafayette Junior / Senior,76291
Centennial High School,59859
Odyssey Early College and Career Options,75596
Palmer High School,70671
Doherty High School,70670
Intersession-AHS,62628
Ben Lomond High School,68392
Charles Burrell Visual and Performing Arts 9-12,76139
Aurora Central High School,76134
Hinkley High School,76133
Portland Alternative Ed,76015
Alameda High School,76010
Encinal Jr-Sr High School,76009
Lincoln Middle School,76008
21729-Eastern High,60553
21729-Hawthorne Elementary,71255
21729-Ballard High,60386
21729-Mill Creek Elementary,60935
21729-Rutherford Elementary,60936
21729-Grace M. James Academy of Excellence,60937
Husky,75985
DEMO - Tempe Union High School District (AZ),75911
East High School,68938
Brookfield Central High School,61475
Wisconsin Hills Middle School,61474
Pilgrim Park Middle School,61473
Brookfield East High School,61472
Liberty High School,68683
Freedom High School,63556
Heritage High School,63557
Canvas Sandbox KWL Demo 2025,75814
NUSD Online,75759
Wayzata High School,62964
Saratoga High School - Canvas,75728
RPMA High School,71017
RPMA ES/MS,71016
Rabun Gap-Nacoochee School,69206
TWO RIVERS SCHOOL,61328
Ogden High School,68395
Sub Account,75625
Lafayette College,75615
John Hersey High School,60073
Prospect High School,60072
Rolling Meadows High School,60071
Buffalo Grove High School,60070
Wheeling High School,60069
Ollivier Middle School,72240
El Puente School,61966
Waukee High School,71247
Rangeview High School,68454
Gateway High School,68453
High School,70906
Comet Academy,74880
Mound Fort Jr. High School,68389
Mount Ogden Jr. High School,68391
Highland Jr. High School,68388
De Portola Middle,72808
Legacy Knoll Middle School,68189
West Jackson Middle School,67116
Milford High School,61852
HS Independent Study,69415
Dearborn Magnet School,73580
Mark Keppel High School,59945
San Gabriel High School,59946
Klett World Languages Demo Academy 2,74711
Hesperia High School,69254
Murrieta Options Academy,73158
Thompson Middle School,73157
Shivela Middle School,73156
Murrieta Valley High School,71999
Vista Murrieta High School,72000
Murrieta Mesa High School,72001
Murrieta Canyon Academy,72002
KWL Florida Adoption,74647
21421-21421-St. Luke's School,61617
Granby Memorial High School,74325
Granby Memorial Middle School,74324
Hollow Rock-Bruceton Special School District,74183
North Middle School,71459
Southern Berkshire Test School,74276
Southern Berkshire Regional Test School,74275
Binghamton University,74219
Old Saybrook High School,74217
BROADMOOR ELEMENTARY SCHOOL,68714
21340-Schoology Sandbox,68678
Intersession - Migrant,73630
Wallingford-Swarthmore School PA,74044
Columbia University,73993
Klett World Languages Demo Academy,55194
Class Management Training,73985
NK ONLINE ACADEMY and PAL,63806
William Rainey Harper,61710
Luis Munoz Marin,72370
Garfield,73535
Campus International,73534
Buhrer Dual Language,72073
Loyola Blakefield High School,73847
University of California Berkeley2024-11-20 21:25:11.497,72743
University of Oregon,73780
Culpeper County Public Schools -- Lotterhos,73527
Paradise Valley USD DEMO,73754
21189-Oxford Community Schools - Schoology,72294
City of St Charles School District R6 MO,73532
GC School,73584
Smith Middle School,73540
Unis Middle School,73541
UC Berkeley,73528
Eastern View High School,71299
Culpeper County High School,71297
Fordson Senior High,73519
Edsel Ford Senior High,73518
Portland High School,73517
Dearborn Senior High,73515
21164-St. Charles West High School,68630
21164-Hardin Middle School,68631
21164-St. Charles High School,68632
Holten-Richmond Middle School,73464
Millikan High School,61096
Klett Classlink Test,57761
Cranston High School East,73305
PUC Excel Charter Academy,72235
Wayne State University,73291
Prince George's County Public Schools,73219
Eastport South Manor Jr-Sr High School,61908
Nogales High School,73152
La Serna High School,73034
Pioneer High School,73033
Santa Fe High School,73031
California High School,73030
Whittier High School,73029
Oakview Middle School,71098
Scripps Middle School,71097
Waldon Middle School,71259
Lake Orion High School,71065
Charles Town Middle School,69093
Washington High School,69094
Harpers Ferry Middle School,69628
Shepherdstown Middle School,69629
Wildwood Middle School,70528
Jefferson High School,70529
Ridgeview High School,72090
Western Kentucky University,72746
Mount Holyoke College,72745
Northwest High School,71251
Portland State University,72669
Duke University,72636
Jennings High School,71541
MEMORIAL HIGH SCHOOL,72057
Pangborn Boulevard Elementary,63025
SOUTHSIDE HIGH SCHOOL,68721
DAVID THIBODAUX STEM MAGNET ACADEMY,68874
EARLY COLLEGE ACADEMY,68720
YOUNGSVILLE MIDDLE SCHOOL,71257
NORTHSIDE HIGH SCHOOL,68902
EDGAR MARTIN MIDDLE SCHOOL,68718
LAFAYETTE HIGH SCHOOL,68717
JUDICE MIDDLE SCHOOL,68716
O. COMEAUX HIGH SCHOOL,68824
CARENCRO HIGH SCHOOL,68715
BROUSSARD MIDDLE SCHOOL,69107
L.J. ALLEMAN MIDDLE SCHOOL,69172
ACADIANA HIGH SCHOOL,68713
Donegal High School,60709
Brandywine Heights High School,72471
Oakwood Middle School,72432
South Albany High School,72361
Rancho San Juan High School,61969
La Paz Middle School,61963
Salinas High School,61958
Mount Toro High School,61957
North Salinas High School,61956
Everett Alvarez High School,61954
Alisal High School,61952
Emma K Doub Elementary,72326
20631-Hope Christian School,67197
20631-St. Matthew Lutheran School,67198
20631-Plymouth Christian Academy,67199
20631-Powers Catholic High School,67200
20631-St. John Evangelist Catholic School,67201
20631-St. Robert Bellarmine School,67202
20631-St. John Vianney Catholic School,67203
20631-Holy Rosary Catholic School,67204
20631-Holy Family Catholic School,67205
20631-St. Thomas More Academy,67206
20631-Faith Baptist School,67207
20631-Most Holy Trinity Catholic School,67208
20631-St. Mary Cathedral Gaylord,67209
20631-OMS Seated Pre-enrollment,67210
20631-OVA Pre-enrollment,67211
20631-Clear Lake Elementary,67212
20631-Oxford Bridges High School,67213
20631-Daniel Axford Elementary,67214
20631-Oxford High School,67215
20631-Oxford Middle School,67216
20631-Genesee Christian School,67217
20631-Lutheran High School-Westland,67218
20631-Oakland Christian School,67219
20631-Oxford Virtual Academy,67220
20631-Online Learning,67221
20631-Oxford Middle School,67361
20631-Oxford Middle School,67658
20631-Oxford Middle School,67943
20631-Oxford Middle School,70980
20631-Oxford Middle School,71446
20631-Oxford Middle School,71722
20631-St. Mary Lake Leelanau School,71792
20631-Oxford Middle School,71877
20631-Oxford Middle School,71878
20631-Oxford Middle School,72063
20631-Oxford Middle School,72177
20631-Oxford Middle School,72178
McKee Middle School,72247
Greenfield Middle School,72246
Pioneer Academy NJ,72194
Magic School Noida 2,72139
Mount Vernon School District 320 - Canvas,72049
Northern Middle School,60888
Chesapeake Virtual Academy Middle,72010
Francis W. Parker School,72007
Gradepassback Demo School,71964
Grassfield High,61404
Hickory Middle,61403
Hickory High,61402
Hugo A. Owens Middle,61401
Great Bridge Middle,61400
Indian River High,61399
Western Branch High,61398
Oscar Smith High,61397
Great Bridge High,61396
Deep Creek High,61395
Williamsport High School,60893
Boonsboro Middle School,60881
Clear Spring Middle School,60884
Clear Spring High School,60885
North Hagerstown High School,60880
Hancock Middle-Senior High School,60886
Smithsburg High School,60889
Smithsburg Middle School,60890
South Hagerstown High School,60891
Western Heights Middle School,60973
Clear Spring Elementary,71212
West High School,68939
North High School,68937
North Creek High School,71790
Woodinville High School,70994
Inglemoor High School,71789
ExtendED,71213
Whitman College,71564
20311-Sacramento Accelerated Academy,61481
20311-The Met High School,61482
20311-West Campus HS,61483
20311-Rosemont HS,61484
20311-Arthur A. Benjamin Health Profes,61485
20311-Sam Brannan MS,61486
20311-John F Kennedy HS,61487
20311-George W. Carver SAS,61488
20311-C K McClatchy HS,61489
20311-Hiram W Johnson HS,61490
20311-Luther Burbank HS,61491
20311-Capital City School,61492
20311-School of Engineering and Scienc,61493
20311-American Legion HS,61494
20311-New Tech High,62082
20311-Umoja International Academy,63070
Colorado Christian University2024-09-03 21:38:01.321,71499
MB Test School,71485
South Middle School,71458
Beagle Middle School,71349
Grand Ledge High School,71348
Waukee Middle School,71248
Prairieview School,71249
Timberline School,71250
Trailridge School,71253
Ritenour High School,70842
Ralston Middle School,59873
Nesbit School,59879
SEDRO-WOOLLEY HIGH SCHOOL,68757
Waukee Community School District-FD-20171,66645
Lakeville Online Academy High School,71073
Lakeville South High School,71070
Lakeville North High School,71069
Bothell High School,70647
International Academy,60962
NORTH KITSAP HIGH SCHOOL,60966
COLLEGE PLACE HIGH SCHOOL,70964
Marshall Academy of the Arts,62309
Washington Middle School,70970
Bancroft Middle School,70969
Tincher Middle School,62314
Baird Elementary School,70961
The Langley School,67343
Northwest School,70937
Mishawaka High School,60587
MOUNT SI HIGH SCHOOL,61173
Canvas Gilman School,70891
Loudoun County Public Schools2024-08-21 13:46:10.063,70747
Lindbergh STEM Academy,62311
Stephens Middle School,70873
Williamsville High School,66504
ConnectED,70424
Springfield Middle School,60892
Boyd J. Michael III Technical High School,60970
Latin School of Chicago IL,70849
E Russell Hicks Middle School,60887
Wash County Job Development Center,70848
Barbara Ingram School For The Arts,60883
Boonsboro High School,60882
Nipher Middle School,59898
North Middle School,59889
Kirkwood High School,59878
Knoxville High School,68282
Hedgesville High School,60485
Tyee Middle School,59863
St. Joseph Public Schools,70543
Rowland High School,63288
West Covina High School,60959
Red River High School,61275
Grand Forks Central,61274
Fremont Middle School,63254
Demoville Elementary (Auto-generated),55209
Default District Office (Auto-generated),55208
Rockaway Beach Middle School,55207
Pineapple Elementary School,55206
City High School,55205
Central Crossing High School,68790
Redondo Union High School,60564
University of Pittsburgh,70356
St. Agnes Academy,70355
University of Pittsburgh2024-08-13 13:35:48.875,70353
Virginia Military Institute,70331
Tufts University,70303
University of Arkansas,70286
Episcopal Day School,70266
Nogales High School,63287
Yale University,69730
University of Georgia,69727
Netwon Public Schools,69726
La Junta Jr-Sr High School,67746
Northeastern University,69645
MILTON ELEMENTARY SCHOOL,68771
Oak Grove School,69617
Sales KWL School,69426
Musselman High School,60487
Martinsburg North Middle School,60492
Spring Mills Middle School,60495
Berkeley County Virtual Students,61785
Mountain Ridge Middle School,60496
Sierra Home School,69416
Oak Hills High School,69256
Sultana High School,69255
Mayfair High School,69252
Bellflower High School,69251
Mariposa County High School,61431
MEDFORD AREA SENIOR HIGH,69167
Schoology Demo Sandbox2024-08-01 17:51:34.271,69137
Douglas High School,69085
KWL High School,69115
KWL Middle School,69116
KWL Middle School2024-08-01 11:42:12.427,69114
School Demo2024-08-01 11:42:04.576,69113
Klett World Languages Academy Canada,69090
Riverside Middle School,66027
East Providence High School,66025
Edward R. Martin Middle School,66024
Jefferson County Public Schools2024-07-31 17:08:24.951,55976
Louisville Collegiate School,69066
LTI 1.3 Brightspace D2L Sandbox,68806
Westland High School,68787
Grove City High School,68785
Franklin Heights High School,68784
Carleton College,68764
Seton Hill University,68517
Seton Hill University2024-07-23 20:04:30.73,68760
Alhambra High School,59942
University of Rhode Island,68728
Cranston East High School,68727
North Kingstown High School,68726
University of Pittsburgh,68725
University of Massachusetts Amherst,68724
Boston University,68723
Kalamazoo College,68722
Liberty High School2024-07-22 21:06:08.075,67347
Forsyth School Placholder,68588
The University of Texas at El Paso,68520
University of Alabama,68519
Ridgefield Park Junior-Senior High School,68516
Impuls Deutsch University,68461
Valparaiso University,68285
Michigan Technological University,68283
Battlefield HS2024-07-11 15:51:09.665,68136
Beville MS,68179
Louise A. Benton Middle School2024-07-11 15:26:49.352,68155
Benton MS,68178
Graham Park Middle School,68170
Graham Park Middle School2024-07-11 15:17:49.257,68174
George M. Hampton Middle School,68167
George M. Hampton Middle School2024-07-11 15:17:02.789,68175
Gar-Field HS2024-07-11 15:16:57.748,68173
Gar-Field Senior High School,68172
GAINESVILLE MIDDLE SCHOOL,68171
Gainesville High School,68169
Freedom High School,68168
Fred M. Lynn Middle School,68166
Hylton HS,68165
Forest Park High School,68164
Lake Ridge MS,68162
Woodbridge MS,68161
Colgan High School,68160
Bull Run Middle School,68159
Brentsville District High School,68158
Stuart M. Beville Middle School,68157
Woodbridge HS,68156
Unity Reed HS,68154
Unity Braxton MS,68153
Saunders MS,68152
Rippon MS,68151
Reagan MS,68150
Potomac Shores MS,68149
Potomac MS,68148
Potomac HS,68147
Potomac HS2024-07-11 14:31:17.086,68146
Porter Traditional,68145
Pennington Traditional,68144
Patriot HS,68142
Parkside MS,68141
Osbourn Park,68140
Nokesville School,68138
Marsteller MS,68137
St. Laurence High School IL,67954
The University of Chicago,67953
University of Georgia,67952
McHenry County College,67951
University of Denver,67950
University of Minnesota Twin Cities,67939
University of Tulsa,67938
KWL Safari Montage Sandbox,67925
Prince William School Safari Montage,67787
The University of Texas at Austin,67921
Loyola University Chicago,67920
Prince William County WAN,67902
Battlefield High School,67898
ClassLink HS,54848
ClassLink MS,54849
ClassLink ES,54850
"Klett World Languages, Inc.",54851
"Klett World Languages, Inc.-2",54852
(QATeam),54853
(QATeam)-2,54854
Collins Hill High School,62130
Dacula Middle School,62131
Mountain View High School,62132
Lanier Middle School,62133
Seckinger High School,62134
McConnell Middle School,62135
Meadowcreek High School,62136
Mill Creek High School,62137
Pinckneyville Middle School,62138
Shiloh High School,62139
ISC,62176
Canvas - Kern High School District,67560
Google Classroom Test School,54800
Murrieta Valley Unified School District,67456
Lewiston-Porter Central School District,67269
Lake Forest Academy IL,67136
L. J. Hauser Junior High School,67114
Waukee Community School District - school integration2024-06-03 18:38:03.978,66643
Waukee Community School District2024-06-03 18:36:51.034,66641
Schoology Demo School,66557
Green Bay Canvas Test,66554
Great Neck North Middle School,66380
May 6th Training,66249
Sacred Heart Schools Atherton,66204
Purdue University,66117
AUBURN RIVERSIDE HIGH SCHOOL,65520
AUBURN MOUNTAINVIEW H. S.,65519
AUBURN HIGH SCHOOL,65518
Irvington High School,62011
Adams Middle School,60568
Parras Middle School,60569
KWL HigherEd School,65821
B2C School,65816
Chadwick School Demo Admin,65453
American High School,62013
Da Vinci Charter Academy,65336
Davis Senior High School,65335
Holmes Junior High School,65334
Emerson Junior High School,65333
Harper Junior High School,65332
Bernardo Yorba Middle School,61685
NYC DOE Testing Environment,65246
CW Test Moodle School LTI Global2024-03-07 21:31:42.63,65191
Marist High School,64131
School District of Onalaska,64006
Soledad High School,63928
Clayton Schools MO,63738
Unidos Mdl,61429
Solon City Schools,63680
Hedgesville Middle School,60491
Martinsburg South Middle School,60493
Musselman Middle School,60494
Thornton Middle School,63452
William Hopkins Middle School,62010
Centerville Middle School,62009
John J. Young Middle School,60586
Newport High School,59870
Interlake High School,59871
International School,59867
Odle Middle School,59866
Maplewood High School (Demo),62978
Windy City High School (Demo),62977
Maplewood High School (Demo)2023-11-28 20:01:39.677,62971
Windy City High School2023-11-28 20:01:29.103,62972
Martinsburg High School,60486
Spring Mills High School,60489
King's School2023-10-20 16:07:37.561,62463
King's Schools,62420
King's Schools (WA)2023-10-13 14:14:05.618,62149
Berthoud High School,61898
Mountain View High School,61897
Lucile Erwin Middle School,61442
Turner Middle School,61896
Thompson Valley High School,61895
Bill Reed Middle School,61441
Walt Clark Middle School,61894
Harold Ferguson High School,61893
Loveland High School,61892
Yorba Linda Middle School,61687
Travis Middle School,61686
Tuffree Middle School,61684
Kraemer Middle School,61683
Parkview School,61682
Buena Vista Virtual Academy,61681
Yorba Linda High School,61680
Esperanza High School,61679
El Dorado High School,61677
Valencia High School,61675
Miller Middle School,59883
Kennedy Middle School,59882
Hyde Middle School,59880
Cupertino Middle School,59876
Lawson Middle School,59875
MBSCHOOL,61465
Kingston High School,61364
Roycemore School,61256
Ideaventions Academy,61245
Platte County School District 1,56223
Canyon Crest Academy,59680
La Costa Canyon High School,59676
Torrey Pines High School,59669
San Dieguito Academy,59665
Oak Crest Middle School,59662
Diegueno Middle School,59660
Pacific Trails Middle School,59657
Earl Warren Middle School,59650
Carmel Valley Middle School,59647
Montabella Junior/Senior High,61009
King School,60927
Fremont Unified School District--Circle of Independent Learning,60718
Durham Academy,60707
Great Bridge Middle School,60653
Western Branch High School,60652
Oscar Smith High School,60651
Indian River High School,60650
Hickory High School,60649
Grassfield High School,60648
Great Bridge High School,60647
Deep Creek High School,60646
Millard Public Schools,60078
Kavod Charter School2023-08-14 16:13:39.118,60555
Walden School,58901
Lausanne Collegiate School (TN),60340
Fox Valley Lutheran High School2023-08-07 18:42:21.678,60283
Cedar Cliff Local School District,60273
DIFU School,60270
All Saints Academy,60263
Neenah Lutheran School,60237
W.E.B. DuBois Academy,60236
Trinity Episcopal School,59619
Millard North High School2023-07-27 14:59:44.755,59635
West High School2023-07-25 21:04:47.697,59549
South High School2023-07-25 21:04:37.948,59550
North High School2023-07-25 21:04:30.777,59551
Montabella,59568
Test School,59522
Test School2023-07-21 14:24:58.557,59521
Dummy School,59495
Klett World Languages Internal Team,59462
TestDSchool 17 Jul,59425
Magic Demo School,59231
Mishawaka,59162
Mishawaka High School2023-07-06 17:57:46.883,59161
Mishawaka High School2023-07-06 17:37:27.951,59160
Utah State Board of Education2023-06-29 20:26:38.238,58951
Placentia-Yorba Linda Unified School District2023-06-29 17:00:52.203,58965
The Walden School2023-06-23 14:23:45.813,58844
San Dieguito HS Academy,58729
whatever2023-06-15 18:28:58.845,58727
San Dieguito HS Academy2023-06-15 18:18:57.044,58720
San Dieguito HS Academy2023-06-15 15:47:59.944,58719
San Dieguito HS Academy2023-06-15 15:46:45.093,58716
San Dieguito HS Academy2023-06-15 15:12:16.025,58715
MBQA School,57816
Alhambra USD (CA),57612
School C,56943
Lorain City Schools,56517
Berkeley County School (WV),56277
Midwood High School,56276
Fruitport Community Schools,56275
Fayette County Schools,56273
School B,56234
School A,56233
Gulliver Preparatory Schools,56168
St. Andrew's School,56165
The Episcopal School of Dallas,56164
Crawfordsville Community Schools,56159
City School District of Albany,56141
Barbour County Schools,56140
Victor Valley Union High School District,56065
North Cross School,56064
Township High School District 214,56035
Salisbury School,56033
Greece Central School District,56029
Provo City School District,56028
Pioneer Central Schools,55997
Orange County Public Schools,55996
Georgetown Day School,55980
Conference,55978
Topeka Public Schools,55975
Pine Richland School District,55969
Thompson School District,55964
Harrison County Schools,55956
Kirkwood School District,55939
Union County Public Schools,55928
North Plainfield School District,55926
Cannon-McMillan,55570
Upper Arlington City School District,55540
North Kitsap School District,55488
Pellissippi State Community College,55270
Littleton PS,55268
Birmingham Public Schools,55219
Phoenix Union,54960
Green Bay,54723
Simi Valley,54722
Oro Grande,54696
Magic School,54547
Klett School Demo,54130
klettt School,53368
Klett School 13,53313
Klett,37603
